<?xml version="1.0" encoding="UTF-8"?>

<Model quotesql="1" tablecharset="">
  <Entity name="EAnnuncio_foto">
    <Column name="EAnnuncioID">
      <PrimaryKey>true</PrimaryKey>
      <ForeignKey>true</ForeignKey>
      <ReferencedColumn>Entity.EAnnuncio.ID</ReferencedColumn>
      <Type>9</Type>
      <Length>11</Length>
      <Nullable>false</Nullable>
      <IDGenerator>assigned</IDGenerator>
      <Unique>false</Unique>
      <Index>false</Index>
      <UserTypes/>
    </Column>
    <Column name="EAnnuncioIndex">
      <PrimaryKey>true</PrimaryKey>
      <ForeignKey>false</ForeignKey>
      <Type>9</Type>
      <Length>11</Length>
      <Nullable>true</Nullable>
      <IDGenerator>assigned</IDGenerator>
      <Unique>false</Unique>
      <Index>false</Index>
      <UserTypes/>
    </Column>
    <Column name="Foto">
      <PrimaryKey>false</PrimaryKey>
      <ForeignKey>false</ForeignKey>
      <Type>27</Type>
      <Length>255</Length>
      <Nullable>true</Nullable>
      <IDGenerator>native</IDGenerator>
      <Unique>false</Unique>
      <Index>false</Index>
      <UserTypes/>
    </Column>
  </Entity>
  <Entity name="EImmobile">
    <Column name="ID">
      <PrimaryKey>true</PrimaryKey>
      <ForeignKey>false</ForeignKey>
      <Type>9</Type>
      <Length>11</Length>
      <Nullable>false</Nullable>
      <IDGenerator>native</IDGenerator>
      <Unique>false</Unique>
      <Index>false</Index>
      <UserTypes/>
    </Column>
    <Column name="EIndirizzoID">
      <PrimaryKey>false</PrimaryKey>
      <ForeignKey>true</ForeignKey>
      <ReferencedColumn>Entity.EIndirizzo.ID</ReferencedColumn>
      <Type>9</Type>
      <Length>11</Length>
      <Nullable>false</Nullable>
      <IDGenerator>native</IDGenerator>
      <Unique>false</Unique>
      <Index>false</Index>
      <UserTypes/>
    </Column>
    <Column name="Superficie">
      <PrimaryKey>false</PrimaryKey>
      <ForeignKey>false</ForeignKey>
      <Type>9</Type>
      <Length>11</Length>
      <Nullable>false</Nullable>
      <IDGenerator>native</IDGenerator>
      <Unique>false</Unique>
      <Index>false</Index>
      <UserTypes/>
    </Column>
    <Column name="Prezzo">
      <PrimaryKey>false</PrimaryKey>
      <ForeignKey>false</ForeignKey>
      <Type>9</Type>
      <Length>11</Length>
      <Nullable>false</Nullable>
      <IDGenerator>native</IDGenerator>
      <Unique>false</Unique>
      <Index>false</Index>
      <UserTypes/>
    </Column>
    <Column name="Camere">
      <PrimaryKey>false</PrimaryKey>
      <ForeignKey>false</ForeignKey>
      <Type>9</Type>
      <Length>11</Length>
      <Nullable>true</Nullable>
      <IDGenerator>native</IDGenerator>
      <Unique>false</Unique>
      <Index>false</Index>
      <UserTypes/>
    </Column>
    <Column name="Stato">
      <PrimaryKey>false</PrimaryKey>
      <ForeignKey>false</ForeignKey>
      <Type>27</Type>
      <Length>255</Length>
      <Nullable>true</Nullable>
      <IDGenerator>native</IDGenerator>
      <Unique>false</Unique>
      <Index>false</Index>
      <UserTypes/>
    </Column>
    <Column name="Locali">
      <PrimaryKey>false</PrimaryKey>
      <ForeignKey>false</ForeignKey>
      <Type>9</Type>
      <Length>11</Length>
      <Nullable>true</Nullable>
      <IDGenerator>native</IDGenerator>
      <Unique>false</Unique>
      <Index>false</Index>
      <UserTypes/>
    </Column>
    <Column name="Piano">
      <PrimaryKey>false</PrimaryKey>
      <ForeignKey>false</ForeignKey>
      <Type>9</Type>
      <Length>11</Length>
      <Nullable>true</Nullable>
      <IDGenerator>native</IDGenerator>
      <Unique>false</Unique>
      <Index>false</Index>
      <UserTypes/>
    </Column>
    <Column name="Totale piani">
      <PrimaryKey>false</PrimaryKey>
      <ForeignKey>false</ForeignKey>
      <Type>9</Type>
      <Length>11</Length>
      <Nullable>true</Nullable>
      <IDGenerator>native</IDGenerator>
      <Unique>false</Unique>
      <Index>false</Index>
      <UserTypes/>
    </Column>
    <Column name="Ascensore">
      <PrimaryKey>false</PrimaryKey>
      <ForeignKey>false</ForeignKey>
      <Type>1</Type>
      <Length>1</Length>
      <Nullable>true</Nullable>
      <IDGenerator>native</IDGenerator>
      <Unique>false</Unique>
      <Index>false</Index>
      <UserTypes/>
    </Column>
    <Column name="Classe energetica">
      <PrimaryKey>false</PrimaryKey>
      <ForeignKey>false</ForeignKey>
      <Type>27</Type>
      <Length>255</Length>
      <Nullable>true</Nullable>
      <IDGenerator>native</IDGenerator>
      <Unique>false</Unique>
      <Index>false</Index>
      <UserTypes/>
    </Column>
    <Column name="Riscaldamento">
      <PrimaryKey>false</PrimaryKey>
      <ForeignKey>false</ForeignKey>
      <Type>27</Type>
      <Length>255</Length>
      <Nullable>true</Nullable>
      <IDGenerator>native</IDGenerator>
      <Unique>false</Unique>
      <Index>false</Index>
      <UserTypes/>
    </Column>
    <Column name="Cucina">
      <PrimaryKey>false</PrimaryKey>
      <ForeignKey>false</ForeignKey>
      <Type>27</Type>
      <Length>255</Length>
      <Nullable>true</Nullable>
      <IDGenerator>native</IDGenerator>
      <Unique>false</Unique>
      <Index>false</Index>
      <UserTypes/>
    </Column>
    <Column name="Garage">
      <PrimaryKey>false</PrimaryKey>
      <ForeignKey>false</ForeignKey>
      <Type>1</Type>
      <Length>1</Length>
      <Nullable>true</Nullable>
      <IDGenerator>native</IDGenerator>
      <Unique>false</Unique>
      <Index>false</Index>
      <UserTypes/>
    </Column>
    <Column name="Bagni">
      <PrimaryKey>false</PrimaryKey>
      <ForeignKey>false</ForeignKey>
      <Type>9</Type>
      <Length>11</Length>
      <Nullable>true</Nullable>
      <IDGenerator>native</IDGenerator>
      <Unique>false</Unique>
      <Index>false</Index>
      <UserTypes/>
    </Column>
    <Column name="Giardino">
      <PrimaryKey>false</PrimaryKey>
      <ForeignKey>false</ForeignKey>
      <Type>27</Type>
      <Length>255</Length>
      <Nullable>true</Nullable>
      <IDGenerator>native</IDGenerator>
      <Unique>false</Unique>
      <Index>false</Index>
      <UserTypes/>
    </Column>
    <Column name="Balcone">
      <PrimaryKey>false</PrimaryKey>
      <ForeignKey>false</ForeignKey>
      <Type>27</Type>
      <Length>255</Length>
      <Nullable>true</Nullable>
      <IDGenerator>native</IDGenerator>
      <Unique>false</Unique>
      <Index>false</Index>
      <UserTypes/>
    </Column>
    <Column name="Posti auto">
      <PrimaryKey>false</PrimaryKey>
      <ForeignKey>false</ForeignKey>
      <Type>9</Type>
      <Length>11</Length>
      <Nullable>true</Nullable>
      <IDGenerator>native</IDGenerator>
      <Unique>false</Unique>
      <Index>false</Index>
      <UserTypes/>
    </Column>
    <Column name="Proprieta">
      <PrimaryKey>false</PrimaryKey>
      <ForeignKey>false</ForeignKey>
      <Type>27</Type>
      <Length>255</Length>
      <Nullable>true</Nullable>
      <IDGenerator>native</IDGenerator>
      <Unique>false</Unique>
      <Index>false</Index>
      <UserTypes/>
    </Column>
    <Column name="Colture">
      <PrimaryKey>false</PrimaryKey>
      <ForeignKey>false</ForeignKey>
      <Type>27</Type>
      <Length>255</Length>
      <Nullable>true</Nullable>
      <IDGenerator>native</IDGenerator>
      <Unique>false</Unique>
      <Index>false</Index>
      <UserTypes/>
    </Column>
    <Column name="Discriminator">
      <PrimaryKey>false</PrimaryKey>
      <ForeignKey>false</ForeignKey>
      <Type>27</Type>
      <Length>255</Length>
      <Nullable>false</Nullable>
      <IDGenerator>native</IDGenerator>
      <Unique>false</Unique>
      <Index>false</Index>
      <UserTypes/>
    </Column>
  </Entity>
  <Entity name="EAnnuncio">
    <Column name="ID">
      <PrimaryKey>true</PrimaryKey>
      <ForeignKey>false</ForeignKey>
      <Type>9</Type>
      <Length>11</Length>
      <Nullable>false</Nullable>
      <IDGenerator>native</IDGenerator>
      <Unique>false</Unique>
      <Index>false</Index>
      <UserTypes/>
    </Column>
    <Column name="EImmobileID">
      <PrimaryKey>false</PrimaryKey>
      <ForeignKey>true</ForeignKey>
      <ReferencedColumn>Entity.EImmobile.ID</ReferencedColumn>
      <Type>9</Type>
      <Length>11</Length>
      <Nullable>false</Nullable>
      <IDGenerator>native</IDGenerator>
      <Unique>false</Unique>
      <Index>false</Index>
      <UserTypes/>
    </Column>
    <Column name="Descrizione">
      <PrimaryKey>false</PrimaryKey>
      <ForeignKey>false</ForeignKey>
      <Type>27</Type>
      <Length>255</Length>
      <Nullable>true</Nullable>
      <IDGenerator>native</IDGenerator>
      <Unique>false</Unique>
      <Index>false</Index>
      <UserTypes/>
    </Column>
    <Column name="Titolo">
      <PrimaryKey>false</PrimaryKey>
      <ForeignKey>false</ForeignKey>
      <Type>27</Type>
      <Length>255</Length>
      <Nullable>true</Nullable>
      <IDGenerator>native</IDGenerator>
      <Unique>false</Unique>
      <Index>false</Index>
      <UserTypes/>
    </Column>
  </Entity>
  <Entity name="EIndirizzo">
    <Column name="ID">
      <PrimaryKey>true</PrimaryKey>
      <ForeignKey>false</ForeignKey>
      <Type>9</Type>
      <Length>11</Length>
      <Nullable>false</Nullable>
      <IDGenerator>native</IDGenerator>
      <Unique>false</Unique>
      <Index>false</Index>
      <UserTypes/>
    </Column>
    <Column name="Regione">
      <PrimaryKey>false</PrimaryKey>
      <ForeignKey>false</ForeignKey>
      <Type>27</Type>
      <Length>255</Length>
      <Nullable>true</Nullable>
      <IDGenerator>native</IDGenerator>
      <Unique>false</Unique>
      <Index>false</Index>
      <UserTypes/>
    </Column>
    <Column name="Provincia">
      <PrimaryKey>false</PrimaryKey>
      <ForeignKey>false</ForeignKey>
      <Type>27</Type>
      <Length>255</Length>
      <Nullable>true</Nullable>
      <IDGenerator>native</IDGenerator>
      <Unique>false</Unique>
      <Index>false</Index>
      <UserTypes/>
    </Column>
    <Column name="Citta">
      <PrimaryKey>false</PrimaryKey>
      <ForeignKey>false</ForeignKey>
      <Type>27</Type>
      <Length>255</Length>
      <Nullable>true</Nullable>
      <IDGenerator>native</IDGenerator>
      <Unique>false</Unique>
      <Index>false</Index>
      <UserTypes/>
    </Column>
    <Column name="Via">
      <PrimaryKey>false</PrimaryKey>
      <ForeignKey>false</ForeignKey>
      <Type>27</Type>
      <Length>255</Length>
      <Nullable>true</Nullable>
      <IDGenerator>native</IDGenerator>
      <Unique>false</Unique>
      <Index>false</Index>
      <UserTypes/>
    </Column>
    <Column name="Civico">
      <PrimaryKey>false</PrimaryKey>
      <ForeignKey>false</ForeignKey>
      <Type>9</Type>
      <Length>11</Length>
      <Nullable>false</Nullable>
      <IDGenerator>native</IDGenerator>
      <Unique>false</Unique>
      <Index>false</Index>
      <UserTypes/>
    </Column>
  </Entity>
  <Entity name="Regioni">
    <Column name="Idregioni">
      <PrimaryKey>true</PrimaryKey>
      <ForeignKey>false</ForeignKey>
      <Type>9</Type>
      <Length>11</Length>
      <Nullable>false</Nullable>
      <IDGenerator>native</IDGenerator>
      <Unique>false</Unique>
      <Index>false</Index>
      <UserTypes/>
    </Column>
    <Column name="Nomeregione">
      <PrimaryKey>false</PrimaryKey>
      <ForeignKey>false</ForeignKey>
      <Type>27</Type>
      <Length>255</Length>
      <Nullable>true</Nullable>
      <IDGenerator>native</IDGenerator>
      <Unique>false</Unique>
      <Index>false</Index>
      <UserTypes/>
    </Column>
  </Entity>
  <Entity name="Provincie">
    <Column name="Idprovincia">
      <PrimaryKey>true</PrimaryKey>
      <ForeignKey>false</ForeignKey>
      <Type>9</Type>
      <Length>11</Length>
      <Nullable>false</Nullable>
      <IDGenerator>native</IDGenerator>
      <Unique>false</Unique>
      <Index>false</Index>
      <UserTypes/>
    </Column>
    <Column name="Nomeprovincia">
      <PrimaryKey>false</PrimaryKey>
      <ForeignKey>false</ForeignKey>
      <Type>27</Type>
      <Length>255</Length>
      <Nullable>true</Nullable>
      <IDGenerator>native</IDGenerator>
      <Unique>false</Unique>
      <Index>false</Index>
      <UserTypes/>
    </Column>
    <Column name="Siglaprovincia">
      <PrimaryKey>false</PrimaryKey>
      <ForeignKey>false</ForeignKey>
      <Type>27</Type>
      <Length>255</Length>
      <Nullable>true</Nullable>
      <IDGenerator>native</IDGenerator>
      <Unique>false</Unique>
      <Index>false</Index>
      <UserTypes/>
    </Column>
    <Column name="Idregione">
      <PrimaryKey>false</PrimaryKey>
      <ForeignKey>false</ForeignKey>
      <Type>9</Type>
      <Length>11</Length>
      <Nullable>false</Nullable>
      <IDGenerator>native</IDGenerator>
      <Unique>false</Unique>
      <Index>false</Index>
      <UserTypes/>
    </Column>
  </Entity>
  <Entity name="Comuni">
    <Column name="Idcomune">
      <PrimaryKey>true</PrimaryKey>
      <ForeignKey>false</ForeignKey>
      <Type>9</Type>
      <Length>11</Length>
      <Nullable>false</Nullable>
      <IDGenerator>native</IDGenerator>
      <Unique>false</Unique>
      <Index>false</Index>
      <UserTypes/>
    </Column>
    <Column name="Nomecomune">
      <PrimaryKey>false</PrimaryKey>
      <ForeignKey>false</ForeignKey>
      <Type>27</Type>
      <Length>255</Length>
      <Nullable>true</Nullable>
      <IDGenerator>native</IDGenerator>
      <Unique>false</Unique>
      <Index>false</Index>
      <UserTypes/>
    </Column>
    <Column name="Idprovincia">
      <PrimaryKey>false</PrimaryKey>
      <ForeignKey>false</ForeignKey>
      <Type>9</Type>
      <Length>11</Length>
      <Nullable>false</Nullable>
      <IDGenerator>native</IDGenerator>
      <Unique>false</Unique>
      <Index>false</Index>
      <UserTypes/>
    </Column>
    <Column name="Idregione">
      <PrimaryKey>false</PrimaryKey>
      <ForeignKey>false</ForeignKey>
      <Type>9</Type>
      <Length>11</Length>
      <Nullable>false</Nullable>
      <IDGenerator>native</IDGenerator>
      <Unique>false</Unique>
      <Index>false</Index>
      <UserTypes/>
    </Column>
  </Entity>
  <Entity name="Agenzia">
    <Column name="ID">
      <PrimaryKey>true</PrimaryKey>
      <ForeignKey>false</ForeignKey>
      <Type>9</Type>
      <Length>11</Length>
      <Nullable>false</Nullable>
      <IDGenerator>native</IDGenerator>
      <Unique>false</Unique>
      <Index>false</Index>
      <UserTypes/>
    </Column>
    <Column name="Indirizzo">
      <PrimaryKey>false</PrimaryKey>
      <ForeignKey>false</ForeignKey>
      <Type>27</Type>
      <Length>255</Length>
      <Nullable>true</Nullable>
      <IDGenerator>native</IDGenerator>
      <Unique>false</Unique>
      <Index>false</Index>
      <UserTypes/>
    </Column>
    <Column name="Nome">
      <PrimaryKey>false</PrimaryKey>
      <ForeignKey>false</ForeignKey>
      <Type>27</Type>
      <Length>255</Length>
      <Nullable>true</Nullable>
      <IDGenerator>native</IDGenerator>
      <Unique>false</Unique>
      <Index>false</Index>
      <UserTypes/>
    </Column>
    <Column name="Fax">
      <PrimaryKey>false</PrimaryKey>
      <ForeignKey>false</ForeignKey>
      <Type>27</Type>
      <Length>255</Length>
      <Nullable>true</Nullable>
      <IDGenerator>native</IDGenerator>
      <Unique>false</Unique>
      <Index>false</Index>
      <UserTypes/>
    </Column>
    <Column name="Username">
      <PrimaryKey>false</PrimaryKey>
      <ForeignKey>false</ForeignKey>
      <Type>27</Type>
      <Length>255</Length>
      <Nullable>true</Nullable>
      <IDGenerator>native</IDGenerator>
      <Unique>false</Unique>
      <Index>false</Index>
      <UserTypes/>
    </Column>
    <Column name="Password">
      <PrimaryKey>false</PrimaryKey>
      <ForeignKey>false</ForeignKey>
      <Type>27</Type>
      <Length>255</Length>
      <Nullable>true</Nullable>
      <IDGenerator>native</IDGenerator>
      <Unique>false</Unique>
      <Index>false</Index>
      <UserTypes/>
    </Column>
    <Column name="Email">
      <PrimaryKey>false</PrimaryKey>
      <ForeignKey>false</ForeignKey>
      <Type>27</Type>
      <Length>255</Length>
      <Nullable>true</Nullable>
      <IDGenerator>native</IDGenerator>
      <Unique>false</Unique>
      <Index>false</Index>
      <UserTypes/>
    </Column>
    <Column name="Logo">
      <PrimaryKey>false</PrimaryKey>
      <ForeignKey>false</ForeignKey>
      <Type>27</Type>
      <Length>255</Length>
      <Nullable>true</Nullable>
      <IDGenerator>native</IDGenerator>
      <Unique>false</Unique>
      <Index>false</Index>
      <UserTypes/>
    </Column>
    <Column name="Cellulare">
      <PrimaryKey>false</PrimaryKey>
      <ForeignKey>false</ForeignKey>
      <Type>9</Type>
      <Length>11</Length>
      <Nullable>false</Nullable>
      <IDGenerator>native</IDGenerator>
      <Unique>false</Unique>
      <Index>false</Index>
      <UserTypes/>
    </Column>
    <Column name="Descrizione">
      <PrimaryKey>false</PrimaryKey>
      <ForeignKey>false</ForeignKey>
      <Type>27</Type>
      <Length>255</Length>
      <Nullable>true</Nullable>
      <IDGenerator>native</IDGenerator>
      <Unique>false</Unique>
      <Index>false</Index>
      <UserTypes/>
    </Column>
    <Column name="Telefono">
      <PrimaryKey>false</PrimaryKey>
      <ForeignKey>false</ForeignKey>
      <Type>9</Type>
      <Length>11</Length>
      <Nullable>false</Nullable>
      <IDGenerator>native</IDGenerator>
      <Unique>false</Unique>
      <Index>false</Index>
      <UserTypes/>
    </Column>
  </Entity>
  <ForeignKey name="FKEAnnuncio_297275">
    <ReferenceTable>EAnnuncio_foto</ReferenceTable>
    <ReferencedTable>EAnnuncio</ReferencedTable>
    <Columns>
      <Column>EAnnuncioID</Column>
    </Columns>
    <RefColumns>
      <Column>ID</Column>
    </RefColumns>
  </ForeignKey>
  <ForeignKey name="FKEImmobile144689">
    <ReferenceTable>EImmobile</ReferenceTable>
    <ReferencedTable>EIndirizzo</ReferencedTable>
    <Columns>
      <Column>EIndirizzoID</Column>
    </Columns>
    <RefColumns>
      <Column>ID</Column>
    </RefColumns>
  </ForeignKey>
  <ForeignKey name="FKEAnnuncio791249">
    <ReferenceTable>EAnnuncio</ReferenceTable>
    <ReferencedTable>EImmobile</ReferencedTable>
    <Columns>
      <Column>EImmobileID</Column>
    </Columns>
    <RefColumns>
      <Column>ID</Column>
    </RefColumns>
  </ForeignKey>
</Model>
