<?xml version="1.0" encoding="utf-8" ?>
<!--
Licensee: DuKe TeAm
License Type: Purchased
-->
<!DOCTYPE hibernate-configuration PUBLIC
        "-//Hibernate/Hibernate Configuration DTD 3.0//EN"
 "http://hibernate.sourceforge.net/hibernate-configuration-3.0.dtd">
<hibernate-configuration>
	<session-factory>
   	<!-- properties -->
		<property name="dialect">org.hibernate.dialect.MySQL5InnoDBDialect</property>
		<property name="connection.driver_class">com.mysql.jdbc.Driver</property>
		<property name="connection.url">jdbc:mysql://localhost:3306/prova12</property>
		<property name="connection.username">root</property>
		<property name="connection.password"></property>
		<property name="hibernate.connection.provider_class">org.hibernate.connection.C3P0ConnectionProvider</property>
		<property name="hibernate.c3p0.acquire_increment">1</property>
		<property name="hibernate.c3p0.idle_test_period">0</property>
		<property name="hibernate.c3p0.min_size">1</property>
		<property name="hibernate.c3p0.max_size">15</property>
		<property name="hibernate.c3p0.timeout">0</property>
		<property name="show_sql">false</property>
		<property name="query.substitutions">true 1, false 0, yes 'Y', no 'N'</property>
		<!-- mapping files -->
		<mapping resource="ormmapping/entity/Agenzia.hbm.xml" />
		<mapping resource="ormmapping/entity/Comuni.hbm.xml" />
		<mapping resource="ormmapping/entity/EAnnuncio.hbm.xml" />
		<mapping resource="ormmapping/entity/EImmobile.hbm.xml" />
		<mapping resource="ormmapping/entity/EIndirizzo.hbm.xml" />
		<mapping resource="ormmapping/entity/Provincie.hbm.xml" />
		<mapping resource="ormmapping/entity/Regioni.hbm.xml" />
	</session-factory>
</hibernate-configuration>
