<?xml version="1.0" encoding="UTF-8"?>
<Database><Setting type="512"><Driver></Driver><DriverFiles></DriverFiles><Dialect></Dialect><DriverClass></DriverClass><URL></URL><UserName></UserName><Password></Password><HostName></HostName><PortNO></PortNO><DBName></DBName><ServiceName></ServiceName><ServerName></ServerName><SelectedForm>true</SelectedForm></Setting><Setting type="1024"><Driver></Driver><DriverFiles></DriverFiles><Dialect></Dialect><DriverClass></DriverClass><URL></URL><UserName></UserName><Password></Password><HostName></HostName><PortNO></PortNO><DBName></DBName><ServiceName></ServiceName><ServerName></ServerName><SelectedForm>true</SelectedForm></Setting><Setting type="131072"><Driver></Driver><DriverFiles></DriverFiles><Dialect></Dialect><DriverClass></DriverClass><URL></URL><UserName></UserName><Password></Password><HostName></HostName><PortNO></PortNO><DBName></DBName><ServiceName></ServiceName><ServerName></ServerName><SelectedForm>true</SelectedForm></Setting><Setting type="128"><Driver></Driver><DriverFiles></DriverFiles><Dialect></Dialect><DriverClass></DriverClass><URL></URL><UserName></UserName><Password></Password><HostName></HostName><PortNO></PortNO><DBName></DBName><ServiceName></ServiceName><ServerName></ServerName><SelectedForm>true</SelectedForm></Setting><Setting type="32"><Driver></Driver><DriverFiles></DriverFiles><Dialect></Dialect><DriverClass></DriverClass><URL></URL><UserName></UserName><Password></Password><HostName></HostName><PortNO></PortNO><DBName></DBName><ServiceName></ServiceName><ServerName></ServerName><SelectedForm>true</SelectedForm></Setting><Setting type="16384"><Driver></Driver><DriverFiles></DriverFiles><Dialect></Dialect><DriverClass></DriverClass><URL></URL><UserName></UserName><Password></Password><HostName></HostName><PortNO></PortNO><DBName></DBName><ServiceName></ServiceName><ServerName></ServerName><SelectedForm>true</SelectedForm></Setting><Setting type="2048"><Driver></Driver><DriverFiles></DriverFiles><Dialect></Dialect><DriverClass></DriverClass><URL></URL><UserName></UserName><Password></Password><HostName></HostName><PortNO></PortNO><DBName></DBName><ServiceName></ServiceName><ServerName></ServerName><SelectedForm>true</SelectedForm></Setting><Setting type="262144"><Driver></Driver><DriverFiles></DriverFiles><Dialect></Dialect><DriverClass></DriverClass><URL></URL><UserName></UserName><Password></Password><HostName></HostName><PortNO></PortNO><DBName></DBName><ServiceName></ServiceName><ServerName></ServerName><SelectedForm>true</SelectedForm></Setting><Setting type="256"><Driver></Driver><DriverFiles></DriverFiles><Dialect></Dialect><DriverClass></DriverClass><URL></URL><UserName></UserName><Password></Password><HostName></HostName><PortNO></PortNO><DBName></DBName><ServiceName></ServiceName><ServerName></ServerName><SelectedForm>true</SelectedForm></Setting><Setting type="65536"><Driver></Driver><DriverFiles></DriverFiles><Dialect></Dialect><DriverClass></DriverClass><URL></URL><UserName></UserName><Password></Password><HostName></HostName><PortNO></PortNO><DBName></DBName><ServiceName></ServiceName><ServerName></ServerName><SelectedForm>true</SelectedForm></Setting><Setting type="64"><Driver></Driver><DriverFiles></DriverFiles><Dialect></Dialect><DriverClass></DriverClass><URL></URL><UserName></UserName><Password></Password><HostName></HostName><PortNO></PortNO><DBName></DBName><ServiceName></ServiceName><ServerName></ServerName><SelectedForm>true</SelectedForm></Setting><Setting type="16"><Driver></Driver><DriverFiles></DriverFiles><Dialect></Dialect><DriverClass></DriverClass><URL></URL><UserName></UserName><Password></Password><HostName></HostName><PortNO></PortNO><DBName></DBName><ServiceName></ServiceName><ServerName></ServerName><SelectedForm>true</SelectedForm></Setting><Setting type="8192"><Driver></Driver><DriverFiles></DriverFiles><Dialect></Dialect><DriverClass></DriverClass><URL></URL><UserName></UserName><Password></Password><HostName></HostName><PortNO></PortNO><DBName></DBName><ServiceName></ServiceName><ServerName></ServerName><SelectedForm>true</SelectedForm></Setting><Setting type="32768"><Driver></Driver><DriverFiles></DriverFiles><Dialect></Dialect><DriverClass></DriverClass><URL></URL><UserName></UserName><Password></Password><HostName></HostName><PortNO></PortNO><DBName></DBName><ServiceName></ServiceName><ServerName></ServerName><SelectedForm>true</SelectedForm></Setting><Setting type="8"><Driver></Driver><DriverFiles></DriverFiles><Dialect></Dialect><DriverClass></DriverClass><URL></URL><UserName></UserName><Password></Password><HostName></HostName><PortNO></PortNO><DBName></DBName><ServiceName></ServiceName><ServerName></ServerName><SelectedForm>true</SelectedForm></Setting><Setting type="4096"><Driver></Driver><DriverFiles></DriverFiles><Dialect></Dialect><DriverClass></DriverClass><URL></URL><UserName></UserName><Password></Password><HostName></HostName><PortNO></PortNO><DBName></DBName><ServiceName></ServiceName><ServerName></ServerName><SelectedForm>true</SelectedForm></Setting><Setting type="524288"><Driver></Driver><DriverFiles></DriverFiles><Dialect></Dialect><DriverClass></DriverClass><URL></URL><UserName></UserName><Password></Password><HostName></HostName><PortNO></PortNO><DBName></DBName><ServiceName></ServiceName><ServerName></ServerName><SelectedForm>true</SelectedForm></Setting><Setting type="2"><Driver>MySQL5 (Connector/J Driver)</Driver><DriverFiles>C:\Users\Danny\Desktop\agenzia\mysql-connector-java-5.1.17\mysql-connector-java-5.1.17-bin.jar</DriverFiles><Dialect>org.hibernate.dialect.MySQL5InnoDBDialect</Dialect><DriverClass>com.mysql.jdbc.Driver</DriverClass><URL>jdbc:mysql://localhost:3306/prova12</URL><UserName>root</UserName><Password></Password><HostName>localhost</HostName><PortNO>3306</PortNO><DBName>prova12</DBName><ServiceName></ServiceName><ServerName></ServerName><SelectedForm>true</SelectedForm></Setting></Database>