<?xml version="1.0" encoding="utf-8" ?>
<!--
Licensee: DuKe TeAm
License Type: Purchased
-->
<!DOCTYPE hibernate-mapping PUBLIC "-//Hibernate/Hibernate Mapping DTD 3.0//EN" "http://hibernate.sourceforge.net/hibernate-mapping-3.0.dtd">
<hibernate-mapping>
	<class name="com.agenzia.immobiliare.client.entity.Agenzia" table="Agenzia" lazy="false">
		<id name="ID" column="ID" type="integer" unsaved-value="0">
			<generator class="native">
			</generator>
		</id>
		<property name="indirizzo" column="Indirizzo" type="string" length="255" not-null="false" lazy="false"/>
		<property name="nome" column="Nome" type="string" length="255" not-null="false" lazy="false"/>
		<property name="fax" column="Fax" type="string" length="255" not-null="false" lazy="false"/>
		<property name="username" column="Username" type="string" length="255" not-null="false" lazy="false"/>
		<property name="password" column="Password" type="string" length="255" not-null="false" lazy="false"/>
		<property name="email" column="Email" type="string" length="255" not-null="false" lazy="false"/>
		<property name="logo" column="Logo" type="string" length="255" not-null="false" lazy="false"/>
		<property name="cellulare" column="Cellulare" type="integer" length="11" not-null="true" lazy="false"/>
		<property name="descrizione" column="Descrizione" type="string" length="255" not-null="false" lazy="false"/>
		<property name="telefono" column="Telefono" type="integer" length="11" not-null="true" lazy="false"/>
	</class>
</hibernate-mapping>
