<?xml version="1.0" encoding="utf-8" ?>
<!--
Licensee: DuKe TeAm
License Type: Purchased
-->
<!DOCTYPE hibernate-mapping PUBLIC "-//Hibernate/Hibernate Mapping DTD 3.0//EN" "http://hibernate.sourceforge.net/hibernate-mapping-3.0.dtd">
<hibernate-mapping>
	<class name="com.agenzia.immobiliare.client.entity.Comuni" table="Comuni" lazy="false">
		<id name="idcomune" column="Idcomune" type="integer" unsaved-value="0">
			<generator class="native">
			</generator>
		</id>
		<property name="nomecomune" column="Nomecomune" type="string" length="255" not-null="false" lazy="false"/>
		<property name="idprovincia" column="Idprovincia" type="integer" length="11" not-null="true" lazy="false"/>
		<property name="idregione" column="Idregione" type="integer" length="11" not-null="true" lazy="false"/>
	</class>
</hibernate-mapping>
