<?xml version="1.0" encoding="utf-8" ?>
<!--
Licensee: DuKe TeAm
License Type: Purchased
-->
<!DOCTYPE hibernate-mapping PUBLIC "-//Hibernate/Hibernate Mapping DTD 3.0//EN" "http://hibernate.sourceforge.net/hibernate-mapping-3.0.dtd">
<hibernate-mapping>
	<class name="com.agenzia.immobiliare.client.entity.EAnnuncio" table="EAnnuncio" lazy="false">
		<id name="ID" column="ID" type="integer" unsaved-value="0">
			<generator class="native">
			</generator>
		</id>
		<many-to-one name="eImmobile" column="EImmobileID" class="com.agenzia.immobiliare.client.entity.EImmobile" cascade="save-update,lock" unique="true" not-null="true" lazy="no-proxy">
		</many-to-one>
		<property name="descrizione" column="Descrizione" type="string" length="255" not-null="false" lazy="false"/>
		<property name="titolo" column="Titolo" type="string" length="255" not-null="false" lazy="false"/>
		<array name="foto" table="EAnnuncio_foto" cascade="all">
			<key column="EAnnuncioID"/>
			<index column="EAnnuncioIndex" type="integer"/>
			<element column="Foto" type="string" length="255"/>
		</array>
	</class>
</hibernate-mapping>
