<?xml version="1.0" encoding="utf-8" ?>
<!--
Licensee: DuKe TeAm
License Type: Purchased
-->
<!DOCTYPE hibernate-mapping PUBLIC "-//Hibernate/Hibernate Mapping DTD 3.0//EN" "http://hibernate.sourceforge.net/hibernate-mapping-3.0.dtd">
<hibernate-mapping>
	<class name="com.agenzia.immobiliare.client.entity.EImmobile" table="EImmobile" lazy="false" discriminator-value="EImmobile">
		<id name="ID" column="ID" type="integer" unsaved-value="0">
			<generator class="native">
			</generator>
		</id>
		<discriminator column="Discriminator" type="string"/>
		<many-to-one name="eIndirizzo" cascade="lock" column="EIndirizzoID" class="com.agenzia.immobiliare.client.entity.EIndirizzo" not-null="true" lazy="no-proxy">
		</many-to-one>
		<property name="superficie" column="Superficie" type="integer" length="11" not-null="true" lazy="false"/>
		<property name="prezzo" column="Prezzo" type="integer" length="11" not-null="true" lazy="false"/>
		<subclass name="com.agenzia.immobiliare.client.entity.EResidenziale" discriminator-value="EResidenziale" lazy="false">
			<property name="camere" column="Camere" type="integer" length="11" not-null="false" lazy="false"/>
			<property name="stato" column="Stato" type="string" length="255" not-null="false" lazy="false"/>
			<property name="locali" column="Locali" type="integer" length="11" not-null="false" lazy="false"/>
			<property name="piano" column="Piano" type="integer" length="11" not-null="false" lazy="false"/>
			<property name="totale_piani" column="`Totale piani`" type="integer" length="11" not-null="false" lazy="false"/>
			<property name="ascensore" column="Ascensore" type="boolean" length="1" not-null="false" lazy="false"/>
			<property name="classe_energetica" column="`Classe energetica`" type="string" length="255" not-null="false" lazy="false"/>
			<property name="riscaldamento" column="Riscaldamento" type="string" length="255" not-null="false" lazy="false"/>
			<property name="cucina" column="Cucina" type="string" length="255" not-null="false" lazy="false"/>
			<property name="garage" column="Garage" type="boolean" length="1" not-null="false" lazy="false"/>
			<property name="bagni" column="Bagni" type="integer" length="11" not-null="false" lazy="false"/>
			<property name="giardino" column="Giardino" type="string" length="255" not-null="false" lazy="false"/>
			<property name="balcone" column="Balcone" type="string" length="255" not-null="false" lazy="false"/>
			<subclass name="com.agenzia.immobiliare.client.entity.EAffitto" discriminator-value="EAffitto" lazy="false">
			</subclass>
		</subclass>
		<subclass name="com.agenzia.immobiliare.client.entity.ECommerciale" discriminator-value="ECommerciale" lazy="false">
			<subclass name="com.agenzia.immobiliare.client.entity.Garage" discriminator-value="Garage" lazy="false">
				<property name="posti_auto" column="`Posti auto`" type="integer" length="11" not-null="false" lazy="false"/>
			</subclass>
			<subclass name="com.agenzia.immobiliare.client.entity.Terreni" discriminator-value="Terreni" lazy="false">
				<property name="proprieta" column="Proprieta" type="string" length="255" not-null="false" lazy="false"/>
				<property name="colture" column="Colture" type="string" length="255" not-null="false" lazy="false"/>
			</subclass>
		</subclass>
	</class>
</hibernate-mapping>
