<?xml version="1.0" encoding="utf-8" ?>
<!--
Licensee: DuKe TeAm
License Type: Purchased
-->
<!DOCTYPE hibernate-mapping PUBLIC "-//Hibernate/Hibernate Mapping DTD 3.0//EN" "http://hibernate.sourceforge.net/hibernate-mapping-3.0.dtd">
<hibernate-mapping>
	<class name="com.agenzia.immobiliare.client.entity.EIndirizzo" table="EIndirizzo" lazy="false">
		<id name="ID" column="ID" type="integer" unsaved-value="0">
			<generator class="native">
			</generator>
		</id>
		<property name="regione" column="Regione" type="string" length="255" not-null="false" lazy="false"/>
		<property name="provincia" column="Provincia" type="string" length="255" not-null="false" lazy="false"/>
		<property name="citta" column="Citta" type="string" length="255" not-null="false" lazy="false"/>
		<property name="via" column="Via" type="string" length="255" not-null="false" lazy="false"/>
		<property name="civico" column="Civico" type="integer" length="11" not-null="true" lazy="false"/>
	</class>
</hibernate-mapping>
